6.3e-05,0,1,17,42,11,11,4.66667,0,0,3,1777370855
3.9e-05,0,1,11,31,8,8,3.66667,0,1,3,1777370855
3.5e-05,0,1,17,39,14,9,5.66667,0,2,3,1777370855
3.5e-05,0,1,14,30,11,7,4.66667,0,3,3,1777370855
4.6e-05,0,1,24,52,21,11,8,0,4,3,1777370855
4.8e-05,0,1,32,69,29,16,10.6667,0,5,3,1777370855
4.7e-05,0,1,29,65,26,16,9.66667,0,6,3,1777370855
4.7e-05,0,1,26,63,23,16,8.66667,0,7,3,1777370855
4.6e-05,0,1,23,57,20,15,7.66667,0,8,3,1777370855
4.4e-05,0,1,20,53,17,14,6.66667,0,9,3,1777370855
4.2e-05,0,1,17,43,14,14,5.66667,0,10,3,1777370855
4.3e-05,0,1,21,50,18,13,7,0,11,3,1777370855
3.8e-05,0,1,18,43,15,11,6,0,12,3,1777370855
3.6e-05,0,1,15,37,12,9,5,0,13,3,1777370855
3.2e-05,0,1,12,28,9,7,4,0,14,3,1777370855
3e-05,0,1,9,20,6,5,3,0,15,3,1777370855
3.7e-05,0,1,16,36,13,8,5.33333,0,16,3,1777370855
3.9e-05,0,1,20,37,17,8,6.66667,0,17,3,1777370855
4.3e-05,0,1,28,54,25,13,9.33333,0,18,3,1777370855
4e-05,0,1,25,50,22,13,8.33333,0,19,3,1777370855
4e-05,0,1,22,48,19,13,7.33333,0,20,3,1777370855
4e-05,0,1,19,44,16,13,6.33333,0,21,3,1777370855
3.8e-05,0,1,16,38,13,12,5.33333,0,22,3,1777370855
3.6e-05,0,1,13,31,10,10,4.33333,0,23,3,1777370855
4.1e-05,0,1,21,44,18,13,7,0,24,3,1777370855
3.8e-05,0,1,18,37,15,11,6,0,25,3,1777370855
4.1e-05,0,1,26,48,23,15,8.66667,0,26,3,1777370855
4e-05,0,1,23,43,20,14,7.66667,0,27,3,1777370855
3.8e-05,0,1,20,38,17,13,6.66667,0,28,3,1777370855
4.1e-05,0,1,24,46,21,14,8,0,29,3,1777370855
3.9e-05,0,1,21,40,18,13,7,0,30,3,1777370855
3.8e-05,0,1,18,39,15,12,6,0,31,3,1777370855
3.5e-05,0,1,15,32,12,10,5,0,32,3,1777370855
3.2e-05,0,1,12,27,9,8,4,0,33,3,1777370855
3.1e-05,0,1,9,20,6,6,3,0,34,3,1777370855
3.2e-05,0,1,13,23,10,5,4.33333,0,35,3,1777370855
3.8e-05,0,1,21,43,18,9,7,0,36,3,1777370855
3.7e-05,0,1,23,43,20,8,7.66667,0,37,3,1777370855
3.6e-05,0,1,20,40,17,8,6.66667,0,38,3,1777370855
3.6e-05,0,1,17,36,14,8,5.66667,0,39,3,1777370855
3.6e-05,0,1,14,34,11,8,4.66667,0,40,3,1777370855
3.4e-05,0,1,11,29,8,7,3.66667,0,41,3,1777370855
3.9e-05,0,1,56,71,53,6,18.6667,0,42,3,1777370855
3.8e-05,0,1,54,67,51,5,18,0,43,3,1777370855
3.8e-05,0,1,52,62,49,4,17.3333,0,44,3,1777370855
3.4e-05,0,1,50,58,47,3,16.6667,0,45,3,1777370855
3.3e-05,0,1,48,53,45,2,16,0,46,3,1777370855
3.2e-05,0,1,51,54,48,1,17,0,47,3,1777370855
3.2e-05,0,1,60,60,57,0,20,0,48,3,1777370855
3.1e-05,0,1,58,58,55,0,19.3333,0,49,3,1777370855
3.1e-05,0,1,56,56,53,0,18.6667,0,50,3,1777370855
3e-05,0,1,54,54,51,0,18,0,51,3,1777370855
3.6e-05,0,1,104,104,101,0,34.6667,0,52,3,1777370855
0.000114,0,1,17,42,11,11,4.66667,0,0,3,1777390315
8.4e-05,0,1,11,31,8,8,3.66667,0,1,3,1777390315
8.9e-05,0,1,17,39,14,9,5.66667,0,2,3,1777390315
7.9e-05,0,1,14,30,11,7,4.66667,0,3,3,1777390315
0.000106,0,1,24,52,21,11,8,0,4,3,1777390315
0.000115,0,1,32,69,29,16,10.6667,0,5,3,1777390315
0.000112,0,1,29,65,26,16,9.66667,0,6,3,1777390315
0.000109,0,1,26,63,23,16,8.66667,0,7,3,1777390315
0.000105,0,1,23,57,20,15,7.66667,0,8,3,1777390315
0.000103,0,1,20,53,17,14,6.66667,0,9,3,1777390315
9.8e-05,0,1,17,43,14,14,5.66667,0,10,3,1777390315
9.8e-05,0,1,21,50,18,13,7,0,11,3,1777390315
9.2e-05,0,1,18,43,15,11,6,0,12,3,1777390315
8.4e-05,0,1,15,37,12,9,5,0,13,3,1777390315
7.6e-05,0,1,12,28,9,7,4,0,14,3,1777390315
8e-05,0,1,9,20,6,5,3,0,15,3,1777390315
8.7e-05,0,1,16,36,13,8,5.33333,0,16,3,1777390315
8.5e-05,0,1,20,37,17,8,6.66667,0,17,3,1777390315
0.000101,0,1,28,54,25,13,9.33333,0,18,3,1777390315
0.000114,0,1,25,50,22,13,8.33333,0,19,3,1777390315
9.8e-05,0,1,22,48,19,13,7.33333,0,20,3,1777390315
9.5e-05,0,1,19,44,16,13,6.33333,0,21,3,1777390315
9e-05,0,1,16,38,13,12,5.33333,0,22,3,1777390315
8.6e-05,0,1,13,31,10,10,4.33333,0,23,3,1777390315
9.6e-05,0,1,21,44,18,13,7,0,24,3,1777390315
8.8e-05,0,1,18,37,15,11,6,0,25,3,1777390315
9.7e-05,0,1,26,48,23,15,8.66667,0,26,3,1777390315
9.5e-05,0,1,23,43,20,14,7.66667,0,27,3,1777390315
9.1e-05,0,1,20,38,17,13,6.66667,0,28,3,1777390315
9.6e-05,0,1,24,46,21,14,8,0,29,3,1777390315
9.1e-05,0,1,21,40,18,13,7,0,30,3,1777390315
8.9e-05,0,1,18,39,15,12,6,0,31,3,1777390315
8.1e-05,0,1,15,32,12,10,5,0,32,3,1777390315
7.7e-05,0,1,12,27,9,8,4,0,33,3,1777390315
7.2e-05,0,1,9,20,6,6,3,0,34,3,1777390315
7.3e-05,0,1,13,23,10,5,4.33333,0,35,3,1777390315
9.2e-05,0,1,21,43,18,9,7,0,36,3,1777390315
8.7e-05,0,1,23,43,20,8,7.66667,0,37,3,1777390315
8.5e-05,0,1,20,40,17,8,6.66667,0,38,3,1777390315
0.000121,0,1,17,36,14,8,5.66667,0,39,3,1777390315
8.9e-05,0,1,14,34,11,8,4.66667,0,40,3,1777390315
8e-05,0,1,11,29,8,7,3.66667,0,41,3,1777390315
9.4e-05,0,1,56,71,53,6,18.6667,0,42,3,1777390315
8.8e-05,0,1,54,67,51,5,18,0,43,3,1777390315
8.4e-05,0,1,52,62,49,4,17.3333,0,44,3,1777390315
0.0001,0,1,50,58,47,3,16.6667,0,45,3,1777390315
3.9e-05,0,1,48,53,45,2,16,0,46,3,1777390315
3.5e-05,0,1,51,54,48,1,17,0,47,3,1777390315
3.5e-05,0,1,60,60,57,0,20,0,48,3,1777390315
3.5e-05,0,1,58,58,55,0,19.3333,0,49,3,1777390315
3.2e-05,0,1,56,56,53,0,18.6667,0,50,3,1777390315
3.5e-05,0,1,54,54,51,0,18,0,51,3,1777390315
4.5e-05,0,1,104,104,101,0,34.6667,0,52,3,1777390315
0.000136,0,1,17,42,11,11,4.66667,0,0,3,1777390320
0.000149,0,1,11,31,8,8,3.66667,0,1,3,1777390320
0.000127,0,1,17,39,14,9,5.66667,0,2,3,1777390320
9.8e-05,0,1,14,30,11,7,4.66667,0,3,3,1777390320
0.000134,0,1,24,52,21,11,8,0,4,3,1777390320
0.000141,0,1,32,69,29,16,10.6667,0,5,3,1777390320
0.000159,0,1,29,65,26,16,9.66667,0,6,3,1777390320
0.000134,0,1,26,63,23,16,8.66667,0,7,3,1777390320
0.000127,0,1,23,57,20,15,7.66667,0,8,3,1777390320
0.000125,0,1,20,53,17,14,6.66667,0,9,3,1777390320
0.000117,0,1,17,43,14,14,5.66667,0,10,3,1777390320
0.000112,0,1,21,50,18,13,7,0,11,3,1777390320
3.5e-05,0,1,18,43,15,11,6,0,12,3,1777390320
3.3e-05,0,1,15,37,12,9,5,0,13,3,1777390320
2.9e-05,0,1,12,28,9,7,4,0,14,3,1777390320
2.7e-05,0,1,9,20,6,5,3,0,15,3,1777390320
3.5e-05,0,1,16,36,13,8,5.33333,0,16,3,1777390320
3.3e-05,0,1,20,37,17,8,6.66667,0,17,3,1777390320
3.9e-05,0,1,28,54,25,13,9.33333,0,18,3,1777390320
3.7e-05,0,1,25,50,22,13,8.33333,0,19,3,1777390320
3.6e-05,0,1,22,48,19,13,7.33333,0,20,3,1777390320
3.7e-05,0,1,19,44,16,13,6.33333,0,21,3,1777390320
3.5e-05,0,1,16,38,13,12,5.33333,0,22,3,1777390320
3.3e-05,0,1,13,31,10,10,4.33333,0,23,3,1777390320
3.7e-05,0,1,21,44,18,13,7,0,24,3,1777390320
3.7e-05,0,1,18,37,15,11,6,0,25,3,1777390320
3.7e-05,0,1,26,48,23,15,8.66667,0,26,3,1777390320
3.6e-05,0,1,23,43,20,14,7.66667,0,27,3,1777390320
3.4e-05,0,1,20,38,17,13,6.66667,0,28,3,1777390320
3.7e-05,0,1,24,46,21,14,8,0,29,3,1777390320
3.5e-05,0,1,21,40,18,13,7,0,30,3,1777390320
3.4e-05,0,1,18,39,15,12,6,0,31,3,1777390320
3.1e-05,0,1,15,32,12,10,5,0,32,3,1777390320
3e-05,0,1,12,27,9,8,4,0,33,3,1777390320
2.8e-05,0,1,9,20,6,6,3,0,34,3,1777390320
2.8e-05,0,1,13,23,10,5,4.33333,0,35,3,1777390320
3.5e-05,0,1,21,43,18,9,7,0,36,3,1777390320
3.3e-05,0,1,23,43,20,8,7.66667,0,37,3,1777390320
3.2e-05,0,1,20,40,17,8,6.66667,0,38,3,1777390320
3.2e-05,0,1,17,36,14,8,5.66667,0,39,3,1777390320
3.2e-05,0,1,14,34,11,8,4.66667,0,40,3,1777390320
3.1e-05,0,1,11,29,8,7,3.66667,0,41,3,1777390320
3.6e-05,0,1,56,71,53,6,18.6667,0,42,3,1777390320
3.5e-05,0,1,54,67,51,5,18,0,43,3,1777390320
3.3e-05,0,1,52,62,49,4,17.3333,0,44,3,1777390320
3.2e-05,0,1,50,58,47,3,16.6667,0,45,3,1777390320
2.9e-05,0,1,48,53,45,2,16,0,46,3,1777390320
2.9e-05,0,1,51,54,48,1,17,0,47,3,1777390320
2.8e-05,0,1,60,60,57,0,20,0,48,3,1777390320
2.8e-05,0,1,58,58,55,0,19.3333,0,49,3,1777390320
2.7e-05,0,1,56,56,53,0,18.6667,0,50,3,1777390320
2.7e-05,0,1,54,54,51,0,18,0,51,3,1777390320
3.3e-05,0,1,104,104,101,0,34.6667,0,52,3,1777390320
5e-05,0,1,17,42,11,11,4.66667,0,0,3,1777390325
3.5e-05,0,1,11,31,8,8,3.66667,0,1,3,1777390325
3.5e-05,0,1,17,39,14,9,5.66667,0,2,3,1777390325
3.1e-05,0,1,14,30,11,7,4.66667,0,3,3,1777390325
4.3e-05,0,1,24,52,21,11,8,0,4,3,1777390325
4.9e-05,0,1,32,69,29,16,10.6667,0,5,3,1777390325
4.4e-05,0,1,29,65,26,16,9.66667,0,6,3,1777390325
4.3e-05,0,1,26,63,23,16,8.66667,0,7,3,1777390325
4.1e-05,0,1,23,57,20,15,7.66667,0,8,3,1777390325
4e-05,0,1,20,53,17,14,6.66667,0,9,3,1777390325
3.8e-05,0,1,17,43,14,14,5.66667,0,10,3,1777390325
3.9e-05,0,1,21,50,18,13,7,0,11,3,1777390325
3.5e-05,0,1,18,43,15,11,6,0,12,3,1777390325
3.3e-05,0,1,15,37,12,9,5,0,13,3,1777390325
2.9e-05,0,1,12,28,9,7,4,0,14,3,1777390325
2.7e-05,0,1,9,20,6,5,3,0,15,3,1777390325
3.3e-05,0,1,16,36,13,8,5.33333,0,16,3,1777390325
3.3e-05,0,1,20,37,17,8,6.66667,0,17,3,1777390325
4.7e-05,0,1,28,54,25,13,9.33333,0,18,3,1777390325
4.7e-05,0,1,25,50,22,13,8.33333,0,19,3,1777390325
4.7e-05,0,1,22,48,19,13,7.33333,0,20,3,1777390325
3.8e-05,0,1,19,44,16,13,6.33333,0,21,3,1777390325
3.5e-05,0,1,16,38,13,12,5.33333,0,22,3,1777390325
3.3e-05,0,1,13,31,10,10,4.33333,0,23,3,1777390325
3.8e-05,0,1,21,44,18,13,7,0,24,3,1777390325
3.5e-05,0,1,18,37,15,11,6,0,25,3,1777390325
3.8e-05,0,1,26,48,23,15,8.66667,0,26,3,1777390325
3.7e-05,0,1,23,43,20,14,7.66667,0,27,3,1777390325
3.5e-05,0,1,20,38,17,13,6.66667,0,28,3,1777390325
4.7e-05,0,1,24,46,21,14,8,0,29,3,1777390325
4.8e-05,0,1,21,40,18,13,7,0,30,3,1777390325
3.5e-05,0,1,18,39,15,12,6,0,31,3,1777390325
3.2e-05,0,1,15,32,12,10,5,0,32,3,1777390325
3e-05,0,1,12,27,9,8,4,0,33,3,1777390325
3.1e-05,0,1,9,20,6,6,3,0,34,3,1777390325
2.9e-05,0,1,13,23,10,5,4.33333,0,35,3,1777390325
3.6e-05,0,1,21,43,18,9,7,0,36,3,1777390325
3.4e-05,0,1,23,43,20,8,7.66667,0,37,3,1777390325
3.4e-05,0,1,20,40,17,8,6.66667,0,38,3,1777390325
3.3e-05,0,1,17,36,14,8,5.66667,0,39,3,1777390325
3.3e-05,0,1,14,34,11,8,4.66667,0,40,3,1777390325
3.1e-05,0,1,11,29,8,7,3.66667,0,41,3,1777390325
3.7e-05,0,1,56,71,53,6,18.6667,0,42,3,1777390325
3.4e-05,0,1,54,67,51,5,18,0,43,3,1777390325
3.3e-05,0,1,52,62,49,4,17.3333,0,44,3,1777390325
3.2e-05,0,1,50,58,47,3,16.6667,0,45,3,1777390325
3e-05,0,1,48,53,45,2,16,0,46,3,1777390325
3e-05,0,1,51,54,48,1,17,0,47,3,1777390325
2.9e-05,0,1,60,60,57,0,20,0,48,3,1777390325
2.8e-05,0,1,58,58,55,0,19.3333,0,49,3,1777390325
2.8e-05,0,1,56,56,53,0,18.6667,0,50,3,1777390325
2.9e-05,0,1,54,54,51,0,18,0,51,3,1777390325
3.3e-05,0,1,104,104,101,0,34.6667,0,52,3,1777390325
0.000188,0,1,17,42,11,11,4.66667,0,0,3,1778151773
0.000157,0,1,17,39,14,9,5.66667,0,2,3,1778151773
0.000194,0,1,24,52,21,11,8,0,4,3,1778151773
0.000215,0,1,32,69,29,16,10.6667,0,5,3,1778151773
0.000164,0,1,26,64,23,16,8.66667,0,7,3,1778151773
0.000151,0,1,21,57,17,14,6.66667,0,9,3,1778151773
0.000138,0,1,18,49,14,14,5.66667,0,10,3,1778151773
0.000134,0,1,21,53,18,13,7,0,11,3,1778151773
0.000114,0,1,16,37,13,8,5.33333,0,16,3,1778151773
0.000116,0,1,20,39,17,8,6.66667,0,17,3,1778151773
0.000142,0,1,28,55,25,13,9.33333,0,18,3,1778151773
0.000127,0,1,19,46,16,13,6.33333,0,21,3,1778151773
0.00012,0,1,16,39,13,12,5.33333,0,22,3,1778151773
0.00011,0,1,13,33,10,10,4.33333,0,23,3,1778151773
0.000132,0,1,21,48,18,13,7,0,24,3,1778151773
0.000142,0,1,26,54,23,15,8.66667,0,26,3,1778151773
0.000144,0,1,25,54,21,14,8,0,29,3,1778151773
0.000124,0,1,18,45,15,12,6,0,31,3,1778151773
0.00011,0,1,9,24,6,6,3,0,34,3,1778151773
9.8e-05,0,1,13,24,10,5,4.33333,0,35,3,1778151773
0.000127,0,1,21,44,18,9,7,0,36,3,1778151773
0.000122,0,1,23,44,20,8,7.66667,0,37,3,1778151773
0.000112,0,1,14,35,11,8,4.66667,0,40,3,1778151773
0.000102,0,1,11,31,8,7,3.66667,0,41,3,1778151773
0.00017,0,1,56,73,53,6,18.6667,0,42,3,1778151773
0.000182,0,1,54,68,51,5,18,0,43,3,1778151773
6.1e-05,0,1,51,54,48,1,17,0,47,3,1778151773
6e-05,0,1,60,60,57,0,20,0,48,3,1778151773
5.8e-05,0,1,58,58,55,0,19.3333,0,49,3,1778151773
8.6e-05,0,1,104,104,101,0,34.6667,0,52,3,1778151773
