0.000103,0,1,9,20,6,6,3,0,0,3,1778252034
0.000127,0,1,16,30,13,8,5.33333,0,1,3,1778252034
0.000119,0,1,20,35,17,8,6.66667,0,2,3,1778252034
0.000226,1,2,38,70,26,10,9.66667,1,3,3,1778252034
0.000213,1,2,26,61,-1.07374e+09,10,6.66667,1,6,3,1778252034
0.000202,1,2,22,57,14,9,5.66667,1,7,3,1778252034
0.00019,1,2,19,47,11,7,4.66667,1,8,3,1778252034
0.000182,1,2,21,44,14,7,5.66667,1,9,3,1778252034
0.000112,0,1,19,28,16,5,6.33333,0,13,3,1778252034
0.000107,0,1,16,25,13,5,5.33333,0,14,3,1778252034
0.000129,0,1,22,39,19,8,7.33333,0,15,3,1778252034
0.000111,0,1,13,29,10,8,4.33333,0,18,3,1778252034
0.000117,0,1,17,33,14,8,5.66667,0,19,3,1778252034
0.000112,0,1,14,29,11,7,4.66667,0,20,3,1778252034
0.000131,0,1,21,42,18,10,7,0,21,3,1778252034
0.000121,0,1,19,40,16,9,6.33333,0,24,3,1778252034
0.000124,0,1,20,44,17,9,6.66667,0,26,3,1778252034
3.8e-05,0,1,11,28,8,6,3.66667,0,29,3,1778252034
6e-05,0,1,27,49,19,7,7.33333,0,31,3,1778252034
6.2e-05,0,1,30,58,22,9,8.33333,0,33,3,1778252034
7.9e-05,0,1,56,86,49,9,17.3333,0,36,3,1778252034
7.4e-05,0,1,54,80,47,8,16.6667,0,37,3,1778252034
6e-05,0,1,46,64,43,7,15.3333,0,38,3,1778252034
5.3e-05,0,1,45,48,42,1,15,0,41,3,1778252034
5.6e-05,0,1,54,54,51,0,18,0,42,3,1778252034
5.4e-05,0,1,52,52,49,0,17.3333,0,43,3,1778252034
7.9e-05,0,1,92,92,89,0,30.6667,0,46,3,1778252034
8.9e-05,0,1,9,20,6,6,3,0,0,3,1778252581
9.9e-05,0,1,16,29,13,8,5.33333,0,1,3,1778252581
0.000101,0,1,20,34,17,8,6.66667,0,2,3,1778252581
0.000199,1,2,38,68,26,10,9.66667,1,3,3,1778252581
0.000176,1,2,26,59,-1.07374e+09,10,6.66667,1,6,3,1778252581
0.000169,1,2,22,57,14,9,5.66667,1,7,3,1778252581
0.000161,1,2,19,47,11,7,4.66667,1,8,3,1778252581
0.000153,1,2,21,44,14,7,5.66667,1,9,3,1778252581
9.7e-05,0,1,19,28,16,5,6.33333,0,13,3,1778252581
8.8e-05,0,1,16,24,13,5,5.33333,0,14,3,1778252581
0.000106,0,1,22,39,19,8,7.33333,0,15,3,1778252581
9.1e-05,0,1,13,29,10,8,4.33333,0,18,3,1778252581
9.6e-05,0,1,17,32,14,8,5.66667,0,19,3,1778252581
0.000104,0,1,14,29,11,7,4.66667,0,20,3,1778252581
0.000111,0,1,21,42,18,10,7,0,21,3,1778252581
0.00012,0,1,19,38,16,9,6.33333,0,24,3,1778252581
0.000129,0,1,20,41,17,9,6.66667,0,26,3,1778252581
9.9e-05,0,1,11,25,8,6,3.66667,0,29,3,1778252581
0.000147,0,1,28,43,19,7,7.33333,0,31,3,1778252581
0.000152,0,1,31,52,22,9,8.33333,0,33,3,1778252581
0.000199,0,1,58,80,49,9,17.3333,0,36,3,1778252581
0.000181,0,1,54,76,47,8,16.6667,0,37,3,1778252581
0.000171,0,1,50,73,45,7,16,0,38,3,1778252581
0.000144,0,1,51,53,48,1,17,0,42,3,1778252581
0.000144,0,1,54,54,51,0,18,0,43,3,1778252581
0.000207,0,1,93,93,90,0,31,0,47,3,1778252581
0.000159,0,1,9,20,6,6,3,0,0,3,1778254369
0.000148,0,1,16,29,13,8,5.33333,0,1,3,1778254369
0.000138,0,1,20,34,17,8,6.66667,0,2,3,1778254369
0.000239,1,2,38,68,26,10,9.66667,1,3,3,1778254369
0.000191,1,2,26,59,-1.07374e+09,10,6.66667,1,6,3,1778254369
0.000195,1,2,22,57,14,9,5.66667,1,7,3,1778254369
0.000178,1,2,19,47,11,7,4.66667,1,8,3,1778254369
0.000261,1,2,21,44,14,7,5.66667,1,9,3,1778254369
0.000144,0,1,19,28,16,5,6.33333,0,13,3,1778254369
4.3e-05,0,1,16,24,13,5,5.33333,0,14,3,1778254369
5.4e-05,0,1,22,37,19,8,7.33333,0,15,3,1778254369
4.2e-05,0,1,13,26,10,8,4.33333,0,18,3,1778254369
9.9e-05,0,1,17,30,14,8,5.66667,0,19,3,1778254369
0.000152,0,1,14,27,11,7,4.66667,0,20,3,1778254369
0.000183,0,1,21,40,18,10,7,0,21,3,1778254369
0.000208,0,1,19,37,16,9,6.33333,0,24,3,1778254369
0.000196,0,1,20,39,17,9,6.66667,0,26,3,1778254369
0.000156,0,1,11,23,8,6,3.66667,0,29,3,1778254369
0.000222,0,1,28,40,19,7,7.33333,0,31,3,1778254369
0.000217,0,1,31,44,22,9,8.33333,0,33,3,1778254369
0.000312,0,1,57,74,49,9,17.3333,0,36,3,1778254369
0.000293,0,1,54,70,47,8,16.6667,0,37,3,1778254369
0.000208,0,1,50,67,45,7,16,0,38,3,1778254369
0.000163,0,1,51,53,48,1,17,0,42,3,1778254369
0.000137,0,1,54,54,51,0,18,0,43,3,1778254369
0.000186,0,1,93,93,90,0,31,0,47,3,1778254369
