0.000104,0,1,9,25,6,6,3,0,0,3,1777370871
9.7e-05,0,1,18,40,15,10,6,0,1,3,1777370871
0.000105,0,1,25,54,22,13,8.33333,0,2,3,1777370871
0.000128,0,1,35,81,32,20,11.6667,0,3,3,1777370871
0.000123,0,1,32,79,29,20,10.6667,0,4,3,1777370871
0.000129,0,1,29,76,26,20,9.66667,0,5,3,1777370871
0.000127,0,1,26,71,23,20,8.66667,0,6,3,1777370871
0.000118,0,1,23,69,20,19,7.66667,0,7,3,1777370871
0.000111,0,1,20,60,17,17,6.66667,0,8,3,1777370871
0.000101,0,1,17,52,14,14,5.66667,0,9,3,1777370871
9e-05,0,1,14,42,11,11,4.66667,0,10,3,1777370871
7.8e-05,0,1,11,30,8,8,3.66667,0,11,3,1777370871
7.8e-05,0,1,15,31,12,7,5,0,12,3,1777370871
8.2e-05,0,1,20,38,17,8,6.66667,0,13,3,1777370871
7.9e-05,0,1,17,32,14,7,5.66667,0,14,3,1777370871
7.4e-05,0,1,14,27,11,6,4.66667,0,15,3,1777370871
8.9e-05,0,1,23,42,18,8,7,0,16,3,1777370871
8.7e-05,0,1,20,39,15,8,6,0,17,3,1777370871
8.4e-05,0,1,17,34,12,7,5,0,18,3,1777370871
0.0001,0,1,24,47,19,10,7.33333,0,19,3,1777370871
9.1e-05,0,1,21,41,16,9,6.33333,0,20,3,1777370871
0.000121,0,1,32,68,27,17,10,0,21,3,1777370871
0.000118,0,1,29,65,24,16,9,0,22,3,1777370871
0.000111,0,1,24,60,21,17,8,0,23,3,1777370871
0.000107,0,1,21,54,18,16,7,0,24,3,1777370871
0.000101,0,1,18,49,15,14,6,0,25,3,1777370871
0.000116,0,1,26,65,23,18,8.66667,0,26,3,1777370871
0.00011,0,1,23,58,20,16,7.66667,0,27,3,1777370871
0.0001,0,1,20,51,17,14,6.66667,0,28,3,1777370871
0.000105,0,1,25,57,22,15,8.33333,0,29,3,1777370871
0.000101,0,1,22,53,19,14,7.33333,0,30,3,1777370871
9.8e-05,0,1,19,47,16,13,6.33333,0,31,3,1777370871
9.2e-05,0,1,16,41,13,11,5.33333,0,32,3,1777370871
8.5e-05,0,1,13,34,10,9,4.33333,0,33,3,1777370871
7.7e-05,0,1,10,26,7,7,3.33333,0,34,3,1777370871
7.7e-05,0,1,15,28,12,7,5,0,35,3,1777370871
7.1e-05,0,1,12,22,9,5,4,0,36,3,1777370871
9.2e-05,0,1,27,42,24,9,9,0,37,3,1777370871
8.6e-05,0,1,24,40,21,9,8,0,38,3,1777370871
8.5e-05,0,1,21,37,18,9,7,0,39,3,1777370871
8.5e-05,0,1,18,34,15,9,6,0,40,3,1777370871
8.2e-05,0,1,15,29,12,8,5,0,41,3,1777370871
9.4e-05,0,1,54,66,51,7,18,0,42,3,1777370871
9.3e-05,0,1,58,69,55,8,19.3333,0,43,3,1777370871
8.9e-05,0,1,56,68,53,7,18.6667,0,44,3,1777370871
8.6e-05,0,1,54,65,51,6,18,0,45,3,1777370871
8.3e-05,0,1,52,62,49,5,17.3333,0,46,3,1777370871
8.1e-05,0,1,50,58,47,4,16.6667,0,47,3,1777370871
8.1e-05,0,1,54,60,51,3,18,0,48,3,1777370871
7.6e-05,0,1,57,59,54,1,19,0,49,3,1777370871
7.3e-05,0,1,60,60,57,0,20,0,50,3,1777370871
7.2e-05,0,1,58,58,55,0,19.3333,0,51,3,1777370871
7.4e-05,0,1,56,56,53,0,18.6667,0,52,3,1777370871
7.2e-05,0,1,54,54,51,0,18,0,53,3,1777370871
9.1e-05,0,1,112,112,109,0,37.3333,0,54,3,1777370871
0.000104,0,1,9,25,6,6,3,0,0,3,1777390422
0.000104,0,1,18,40,15,10,6,0,1,3,1777390422
0.000105,0,1,25,54,22,13,8.33333,0,2,3,1777390422
0.000124,0,1,35,81,32,20,11.6667,0,3,3,1777390422
0.000121,0,1,32,79,29,20,10.6667,0,4,3,1777390422
0.000118,0,1,29,76,26,20,9.66667,0,5,3,1777390422
0.000152,0,1,26,71,23,20,8.66667,0,6,3,1777390422
0.00014,0,1,23,69,20,19,7.66667,0,7,3,1777390422
0.000128,0,1,20,60,17,17,6.66667,0,8,3,1777390422
0.000101,0,1,17,52,14,14,5.66667,0,9,3,1777390422
9e-05,0,1,14,42,11,11,4.66667,0,10,3,1777390422
7.8e-05,0,1,11,30,8,8,3.66667,0,11,3,1777390422
7.8e-05,0,1,15,31,12,7,5,0,12,3,1777390422
0.000109,0,1,20,38,17,8,6.66667,0,13,3,1777390422
0.000105,0,1,17,32,14,7,5.66667,0,14,3,1777390422
8.4e-05,0,1,14,27,11,6,4.66667,0,15,3,1777390422
9.7e-05,0,1,23,42,18,8,7,0,16,3,1777390422
8.7e-05,0,1,20,39,15,8,6,0,17,3,1777390422
9.6e-05,0,1,17,34,12,7,5,0,18,3,1777390422
0.00013,0,1,24,47,19,10,7.33333,0,19,3,1777390422
0.000125,0,1,21,41,16,9,6.33333,0,20,3,1777390422
0.000142,0,1,32,68,27,17,10,0,21,3,1777390422
0.00014,0,1,29,65,24,16,9,0,22,3,1777390422
0.000121,0,1,24,60,21,17,8,0,23,3,1777390422
0.00012,0,1,21,54,18,16,7,0,24,3,1777390422
0.000112,0,1,18,49,15,14,6,0,25,3,1777390422
0.000115,0,1,26,65,23,18,8.66667,0,26,3,1777390422
0.000114,0,1,23,58,20,16,7.66667,0,27,3,1777390422
0.000107,0,1,20,51,17,14,6.66667,0,28,3,1777390422
0.000122,0,1,25,57,22,15,8.33333,0,29,3,1777390422
0.000156,0,1,22,53,19,14,7.33333,0,30,3,1777390422
0.000122,0,1,19,47,16,13,6.33333,0,31,3,1777390422
9.6e-05,0,1,16,41,13,11,5.33333,0,32,3,1777390422
3.7e-05,0,1,13,34,10,9,4.33333,0,33,3,1777390422
3e-05,0,1,10,26,7,7,3.33333,0,34,3,1777390422
3e-05,0,1,15,28,12,7,5,0,35,3,1777390422
2.7e-05,0,1,12,22,9,5,4,0,36,3,1777390422
3.6e-05,0,1,27,42,24,9,9,0,37,3,1777390422
3.3e-05,0,1,24,40,21,9,8,0,38,3,1777390422
3.3e-05,0,1,21,37,18,9,7,0,39,3,1777390422
3.3e-05,0,1,18,34,15,9,6,0,40,3,1777390422
3.2e-05,0,1,15,29,12,8,5,0,41,3,1777390422
3.7e-05,0,1,54,66,51,7,18,0,42,3,1777390422
3.6e-05,0,1,58,69,55,8,19.3333,0,43,3,1777390422
3.5e-05,0,1,56,68,53,7,18.6667,0,44,3,1777390422
3.3e-05,0,1,54,65,51,6,18,0,45,3,1777390422
3.2e-05,0,1,52,62,49,5,17.3333,0,46,3,1777390422
3.1e-05,0,1,50,58,47,4,16.6667,0,47,3,1777390422
3.5e-05,0,1,54,60,51,3,18,0,48,3,1777390422
3e-05,0,1,57,59,54,1,19,0,49,3,1777390422
2.8e-05,0,1,60,60,57,0,20,0,50,3,1777390422
2.8e-05,0,1,58,58,55,0,19.3333,0,51,3,1777390422
2.8e-05,0,1,56,56,53,0,18.6667,0,52,3,1777390422
2.8e-05,0,1,54,54,51,0,18,0,53,3,1777390422
3.6e-05,0,1,112,112,109,0,37.3333,0,54,3,1777390422
0.000112,0,1,9,25,6,6,3,0,0,3,1777390427
0.000104,0,1,18,40,15,10,6,0,1,3,1777390427
0.000105,0,1,25,54,22,13,8.33333,0,2,3,1777390427
0.000127,0,1,35,81,32,20,11.6667,0,3,3,1777390427
0.000129,0,1,32,79,29,20,10.6667,0,4,3,1777390427
0.000121,0,1,29,76,26,20,9.66667,0,5,3,1777390427
0.000121,0,1,26,71,23,20,8.66667,0,6,3,1777390427
0.000117,0,1,23,69,20,19,7.66667,0,7,3,1777390427
0.00011,0,1,20,60,17,17,6.66667,0,8,3,1777390427
0.000101,0,1,17,52,14,14,5.66667,0,9,3,1777390427
9.1e-05,0,1,14,42,11,11,4.66667,0,10,3,1777390427
7.9e-05,0,1,11,30,8,8,3.66667,0,11,3,1777390427
7.9e-05,0,1,15,31,12,7,5,0,12,3,1777390427
8.4e-05,0,1,20,38,17,8,6.66667,0,13,3,1777390427
7.9e-05,0,1,17,32,14,7,5.66667,0,14,3,1777390427
7.6e-05,0,1,14,27,11,6,4.66667,0,15,3,1777390427
9.3e-05,0,1,23,42,18,8,7,0,16,3,1777390427
8.8e-05,0,1,20,39,15,8,6,0,17,3,1777390427
8.6e-05,0,1,17,34,12,7,5,0,18,3,1777390427
9.8e-05,0,1,24,47,19,10,7.33333,0,19,3,1777390427
0.000117,0,1,21,41,16,9,6.33333,0,20,3,1777390427
0.000121,0,1,32,68,27,17,10,0,21,3,1777390427
0.00012,0,1,29,65,24,16,9,0,22,3,1777390427
0.000112,0,1,24,60,21,17,8,0,23,3,1777390427
0.000109,0,1,21,54,18,16,7,0,24,3,1777390427
0.000103,0,1,18,49,15,14,6,0,25,3,1777390427
0.000115,0,1,26,65,23,18,8.66667,0,26,3,1777390427
0.000107,0,1,23,58,20,16,7.66667,0,27,3,1777390427
0.0001,0,1,20,51,17,14,6.66667,0,28,3,1777390427
0.000107,0,1,25,57,22,15,8.33333,0,29,3,1777390427
0.000102,0,1,22,53,19,14,7.33333,0,30,3,1777390427
9.8e-05,0,1,19,47,16,13,6.33333,0,31,3,1777390427
9.3e-05,0,1,16,41,13,11,5.33333,0,32,3,1777390427
8.6e-05,0,1,13,34,10,9,4.33333,0,33,3,1777390427
7.8e-05,0,1,10,26,7,7,3.33333,0,34,3,1777390427
7.8e-05,0,1,15,28,12,7,5,0,35,3,1777390427
7.2e-05,0,1,12,22,9,5,4,0,36,3,1777390427
9.1e-05,0,1,27,42,24,9,9,0,37,3,1777390427
8.8e-05,0,1,24,40,21,9,8,0,38,3,1777390427
8.6e-05,0,1,21,37,18,9,7,0,39,3,1777390427
8.7e-05,0,1,18,34,15,9,6,0,40,3,1777390427
8.3e-05,0,1,15,29,12,8,5,0,41,3,1777390427
0.000106,0,1,54,66,51,7,18,0,42,3,1777390427
9.4e-05,0,1,58,69,55,8,19.3333,0,43,3,1777390427
9.4e-05,0,1,56,68,53,7,18.6667,0,44,3,1777390427
8.8e-05,0,1,54,65,51,6,18,0,45,3,1777390427
8.4e-05,0,1,52,62,49,5,17.3333,0,46,3,1777390427
8e-05,0,1,50,58,47,4,16.6667,0,47,3,1777390427
8.2e-05,0,1,54,60,51,3,18,0,48,3,1777390427
7.7e-05,0,1,57,59,54,1,19,0,49,3,1777390427
7.5e-05,0,1,60,60,57,0,20,0,50,3,1777390427
7.4e-05,0,1,58,58,55,0,19.3333,0,51,3,1777390427
7.3e-05,0,1,56,56,53,0,18.6667,0,52,3,1777390427
7.3e-05,0,1,54,54,51,0,18,0,53,3,1777390427
9.2e-05,0,1,112,112,109,0,37.3333,0,54,3,1777390427
0.000126,0,1,9,25,6,6,3,0,0,3,1777390432
0.000125,0,1,18,40,15,10,6,0,1,3,1777390432
0.000105,0,1,25,54,22,13,8.33333,0,2,3,1777390432
0.000127,0,1,35,81,32,20,11.6667,0,3,3,1777390432
0.000122,0,1,32,79,29,20,10.6667,0,4,3,1777390432
0.000118,0,1,29,76,26,20,9.66667,0,5,3,1777390432
0.000118,0,1,26,71,23,20,8.66667,0,6,3,1777390432
0.000115,0,1,23,69,20,19,7.66667,0,7,3,1777390432
0.000119,0,1,20,60,17,17,6.66667,0,8,3,1777390432
0.000115,0,1,17,52,14,14,5.66667,0,9,3,1777390432
9.2e-05,0,1,14,42,11,11,4.66667,0,10,3,1777390432
7.8e-05,0,1,11,30,8,8,3.66667,0,11,3,1777390432
7.7e-05,0,1,15,31,12,7,5,0,12,3,1777390432
8.2e-05,0,1,20,38,17,8,6.66667,0,13,3,1777390432
9.6e-05,0,1,17,32,14,7,5.66667,0,14,3,1777390432
7.4e-05,0,1,14,27,11,6,4.66667,0,15,3,1777390432
8.9e-05,0,1,23,42,18,8,7,0,16,3,1777390432
8.6e-05,0,1,20,39,15,8,6,0,17,3,1777390432
8.3e-05,0,1,17,34,12,7,5,0,18,3,1777390432
9.7e-05,0,1,24,47,19,10,7.33333,0,19,3,1777390432
9e-05,0,1,21,41,16,9,6.33333,0,20,3,1777390432
0.000119,0,1,32,68,27,17,10,0,21,3,1777390432
0.000118,0,1,29,65,24,16,9,0,22,3,1777390432
0.00011,0,1,24,60,21,17,8,0,23,3,1777390432
0.000106,0,1,21,54,18,16,7,0,24,3,1777390432
0.000101,0,1,18,49,15,14,6,0,25,3,1777390432
0.000113,0,1,26,65,23,18,8.66667,0,26,3,1777390432
0.000105,0,1,23,58,20,16,7.66667,0,27,3,1777390432
9.8e-05,0,1,20,51,17,14,6.66667,0,28,3,1777390432
0.000104,0,1,25,57,22,15,8.33333,0,29,3,1777390432
0.0001,0,1,22,53,19,14,7.33333,0,30,3,1777390432
9.7e-05,0,1,19,47,16,13,6.33333,0,31,3,1777390432
9e-05,0,1,16,41,13,11,5.33333,0,32,3,1777390432
8.4e-05,0,1,13,34,10,9,4.33333,0,33,3,1777390432
7.8e-05,0,1,10,26,7,7,3.33333,0,34,3,1777390432
7.7e-05,0,1,15,28,12,7,5,0,35,3,1777390432
7.1e-05,0,1,12,22,9,5,4,0,36,3,1777390432
9.2e-05,0,1,27,42,24,9,9,0,37,3,1777390432
8.6e-05,0,1,24,40,21,9,8,0,38,3,1777390432
8.4e-05,0,1,21,37,18,9,7,0,39,3,1777390432
8.5e-05,0,1,18,34,15,9,6,0,40,3,1777390432
8.2e-05,0,1,15,29,12,8,5,0,41,3,1777390432
9.4e-05,0,1,54,66,51,7,18,0,42,3,1777390432
9.2e-05,0,1,58,69,55,8,19.3333,0,43,3,1777390432
8.9e-05,0,1,56,68,53,7,18.6667,0,44,3,1777390432
0.000103,0,1,54,65,51,6,18,0,45,3,1777390432
8.4e-05,0,1,52,62,49,5,17.3333,0,46,3,1777390432
8e-05,0,1,50,58,47,4,16.6667,0,47,3,1777390432
8e-05,0,1,54,60,51,3,18,0,48,3,1777390432
7.6e-05,0,1,57,59,54,1,19,0,49,3,1777390432
7.3e-05,0,1,60,60,57,0,20,0,50,3,1777390432
7.3e-05,0,1,58,58,55,0,19.3333,0,51,3,1777390432
7.2e-05,0,1,56,56,53,0,18.6667,0,52,3,1777390432
7.1e-05,0,1,54,54,51,0,18,0,53,3,1777390432
9.1e-05,0,1,112,112,109,0,37.3333,0,54,3,1777390432
