algorithm,metric,box,example,value
ICBS,time,8,1,14.341058
ICBS,time,8,1,19.663949
ICBS,time,8,1,14.054983
ICBS,time,8,2,15.473454
ICBS,time,8,2,7.440112
ICBS,time,8,2,16.184376
ICBS,time,8,3,17.623924
ICBS,time,8,3,8.619049
ICBS,time,8,3,11.567192
ICBS,time,8,4,15.634290
ICBS,time,8,4,13.455853
ICBS,time,8,4,11.126780
ICBS,time,8,5,12.617257
ICBS,time,8,5,9.109891
ICBS,time,8,5,6.549658
ICBS,time,8,6,15.399382
ICBS,time,8,6,11.490462
ICBS,time,8,6,10.221716
ICBS,time,8,7,14.111310
ICBS,time,8,7,22.095328
ICBS,time,8,7,19.709828
ICBS,time,8,8,11.534505
ICBS,time,8,8,11.840869
ICBS,time,8,8,17.855808
ICBS,time,8,9,10.617971
ICBS,time,8,9,14.105951
ICBS,time,8,9,15.270126
ICBS,time,8,10,14.136709
ICBS,time,8,10,16.096039
ICBS,time,8,10,9.052209
ICBS,time,8,11,50.806479
ICBS,time,8,11,57.352988
ICBS,time,8,11,55.332613
ICBS,time,8,12,17.213832
ICBS,time,8,12,12.415620
ICBS,time,8,12,13.315433
ICBS,time,9,1,16.992305
ICBS,time,9,1,10.360913
ICBS,time,9,1,9.905886
ICBS,time,9,3,11.889189
ICBS,time,9,3,14.397766
ICBS,time,9,3,11.910259
ICBS,time,9,4,12.656688
ICBS,time,9,4,7.968511
ICBS,time,9,4,13.266770
ICBS,time,9,5,10.502216
ICBS,time,9,5,14.811641
ICBS,time,9,5,15.239926
ICBS,time,9,6,18.772202
ICBS,time,9,6,23.049506
ICBS,time,9,6,18.494824
ICBS,time,9,8,17.309039
ICBS,time,9,8,11.630156
ICBS,time,9,8,9.186282
ICBS,time,9,9,12.299866
ICBS,time,9,9,17.054828
ICBS,time,9,9,12.682654
ICBS,time,9,10,39.946436
ICBS,time,9,10,31.425283
ICBS,time,9,10,31.731456
ICBS,time,9,11,42.741677
ICBS,time,9,11,42.041204
ICBS,time,9,11,42.894839
ICBS,time,9,12,7.147988
ICBS,time,9,12,13.982579
ICBS,time,9,12,11.445859
ICBS,time,10,3,15.156772
ICBS,time,10,3,14.553925
ICBS,time,10,3,14.599231
ICBS,time,10,4,21.933283
ICBS,time,10,4,24.381925
ICBS,time,10,4,24.640157
ICBS,time,10,5,14.345007
ICBS,time,10,5,16.037127
ICBS,time,10,5,12.181277
ICBS,time,10,6,17.084420
ICBS,time,10,6,17.531812
ICBS,time,10,6,17.907678
ICBS,time,10,7,13.755114
ICBS,time,10,7,16.213353
ICBS,time,10,7,15.842227
ICBS,time,10,10,11.257646
ICBS,time,10,10,14.663199
ICBS,time,10,10,9.933464
ICBS,time,10,11,9.515443
ICBS,time,10,11,10.403965
ICBS,time,10,11,8.131449
ICBS,time,10,12,19.504432
ICBS,time,10,12,25.349629
ICBS,time,10,12,28.152095
ICBS,makespan,8,1,87
ICBS,makespan,8,2,51
ICBS,makespan,8,3,67
ICBS,makespan,8,4,56
ICBS,makespan,8,5,78
ICBS,makespan,8,6,55
ICBS,makespan,8,7,53
ICBS,makespan,8,8,55
ICBS,makespan,8,9,84
ICBS,makespan,8,10,49
ICBS,makespan,8,11,57
ICBS,makespan,8,12,48
ICBS,makespan,9,1,66
ICBS,makespan,9,2,58
ICBS,makespan,9,4,69
ICBS,makespan,9,5,72
ICBS,makespan,9,6,70
ICBS,makespan,9,8,77
ICBS,makespan,9,9,71
ICBS,makespan,9,10,69
ICBS,makespan,9,11,56
ICBS,makespan,9,12,74
ICBS,makespan,10,3,77
ICBS,makespan,10,4,72
ICBS,makespan,10,5,72
ICBS,makespan,10,6,115
ICBS,makespan,10,7,75
ICBS,makespan,10,10,88
ICBS,makespan,10,11,65
ICBS,makespan,10,12,71

RHCR,time,8,1,21.238124
RHCR,time,8,1,19.529882
RHCR,time,8,1,23.396744
RHCR,time,8,2,18.318796
RHCR,time,8,2,17.023961
RHCR,time,8,2,10.400982
RHCR,time,8,3,34.191216
RHCR,time,8,3,33.645636
RHCR,time,8,3,33.716160
RHCR,time,8,4,19.923301
RHCR,time,8,4,17.201188
RHCR,time,8,4,13.784513
RHCR,time,8,5,18.746070
RHCR,time,8,5,26.040487
RHCR,time,8,5,13.429157
RHCR,time,8,6,24.716056
RHCR,time,8,6,15.686244
RHCR,time,8,6,16.688953
RHCR,time,8,7,16.859598
RHCR,time,8,7,27.742477
RHCR,time,8,7,20.607413
RHCR,time,8,8,17.558599
RHCR,time,8,8,17.541727
RHCR,time,8,8,19.831606
RHCR,time,8,9,22.749171
RHCR,time,8,9,18.676588
RHCR,time,8,9,23.965817
RHCR,time,8,10,16.939060
RHCR,time,8,10,16.194963
RHCR,time,8,10,18.204037
RHCR,time,8,11,17.939113
RHCR,time,8,11,22.611399
RHCR,time,8,11,21.510172
RHCR,time,8,12,15.809319
RHCR,time,8,12,20.096070
RHCR,time,8,12,16.232414
RHCR,time,9,1,33.314129
RHCR,time,9,1,66.041052
RHCR,time,9,1,33.260819
RHCR,time,9,3,33.941292
RHCR,time,9,3,33.744891
RHCR,time,9,3,18.054742
RHCR,time,9,4,20.650395
RHCR,time,9,4,16.918279
RHCR,time,9,4,17.356604
RHCR,time,9,5,19.672233
RHCR,time,9,5,16.676550
RHCR,time,9,5,18.589441
RHCR,time,9,6,16.795777
RHCR,time,9,6,21.774445
RHCR,time,9,6,18.477238
RHCR,time,9,8,34.200505
RHCR,time,9,8,33.729021
RHCR,time,9,8,33.224550
RHCR,time,9,9,17.849187
RHCR,time,9,9,33.385236
RHCR,time,9,9,33.466360
RHCR,time,9,10,23.770535
RHCR,time,9,10,18.147991
RHCR,time,9,10,18.085602
RHCR,time,9,11,21.405453
RHCR,time,9,11,17.049099
RHCR,time,9,11,21.720883
RHCR,time,9,12,20.875083
RHCR,time,9,12,19.554459
RHCR,time,9,12,19.681440
RHCR,time,10,3,33.344143
RHCR,time,10,3,33.666585
RHCR,time,10,3,35.022757
RHCR,time,10,4,33.822303
RHCR,time,10,4,33.681102
RHCR,time,10,4,33.332749
RHCR,time,10,5,19.335983
RHCR,time,10,5,23.474562
RHCR,time,10,5,17.707192
RHCR,time,10,6,33.592736
RHCR,time,10,6,65.864252
RHCR,time,10,6,65.442379
RHCR,time,10,7,18.996446
RHCR,time,10,7,17.272283
RHCR,time,10,7,17.938042
RHCR,time,10,10,33.525017
RHCR,time,10,10,33.724936
RHCR,time,10,10,34.430328
RHCR,time,10,11,18.954006
RHCR,time,10,11,21.725753
RHCR,time,10,11,19.565570
RHCR,time,10,12,33.920609
RHCR,time,10,12,33.660713
RHCR,time,10,12,33.645314
RHCR,makespan,8,1,78
RHCR,makespan,8,2,52
RHCR,makespan,8,3,62
RHCR,makespan,8,4,53
RHCR,makespan,8,5,81
RHCR,makespan,8,6,55
RHCR,makespan,8,7,53
RHCR,makespan,8,8,66
RHCR,makespan,8,9,78
RHCR,makespan,8,10,52
RHCR,makespan,8,11,55
RHCR,makespan,8,12,48
RHCR,makespan,9,1,66
RHCR,makespan,9,3,59
RHCR,makespan,9,4,71
RHCR,makespan,9,5,72
RHCR,makespan,9,6,67
RHCR,makespan,9,8,66
RHCR,makespan,9,9,67
RHCR,makespan,9,10,67
RHCR,makespan,9,11,68
RHCR,makespan,9,12,70
RHCR,makespan,10,3,67
RHCR,makespan,10,4,64
RHCR,makespan,10,5,73
RHCR,makespan,10,6,113
RHCR,makespan,10,7,67
RHCR,makespan,10,10,73
RHCR,makespan,10,11,72
RHCR,makespan,10,12,67